Record_id, true label, predicted label ,class-1 probability
50,0,0,0.18351088
231,0,0,0.26748797
297,0,0,0.20650905
97,0,0,0.12844893
285,0,0,0.09824798
116,0,1,0.5584926
38,1,1,0.68249154
76,0,0,0.3793052
51,1,1,0.72717357
100,0,0,0.22694185
44,1,1,0.7509371
193,0,0,0.46652552
137,0,0,0.20335375
84,1,0,0.48176622
46,1,1,0.9060545
270,1,1,0.74972516
71,1,1,0.60961187
177,0,0,0.48646533
149,1,0,0.48568916
296,1,0,0.29291686
200,0,0,0.4057656
194,0,1,0.747264
290,1,1,0.5645202
168,0,0,0.23380946
153,1,1,0.5954635
8,0,0,0.39601746
189,0,1,0.6360028
219,1,1,0.6411485
103,0,0,0.23927118
235,1,1,0.6309161
105,0,0,0.17993177
196,1,0,0.4887438
300,1,1,0.6353329
252,0,0,0.45013124
291,0,0,0.1890756
14,1,0,0.37658563
140,0,0,0.30755946
174,1,1,0.80377614
165,1,1,0.816811
131,1,0,0.25884438
253,0,1,0.61488533
248,1,0,0.35024872
212,1,1,0.7719518
217,1,1,0.83416736
240,0,1,0.548919
169,0,0,0.030582538
204,1,1,0.8000722
53,0,0,0.30215424
261,1,1,0.9401211
232,0,0,0.29473063
299,0,0,0.1566383
108,1,1,0.6634239
39,0,0,0.15165386
109,0,1,0.7998206
4,1,0,0.15616593
262,1,1,0.8874998
158,1,1,0.89687616
207,0,0,0.2009159
110,0,1,0.55907357
269,1,1,0.5603354
